"Vendor","Rohde&Schwarz",
"Device/Mat.-No.","RTM3004US / 1335.8794k04",
"Serial No.","112081",
"Firmware Version","01.700",
"Date","2023-11-23",
"Time","01:32:24",
"Comment","",

"Meas. Place",,"1",,"2",,"3",,"4",,
"Type",,"Period",,"Frequency",,"Duty Cycle +",,"Mean Value",,
"Source 1",,"C1",,"C1",,"C1",,"C1",,
"Source 2",,,,,,,,,,
"Unit",,,,Hz,,%,,V,,
"Gate Start [s]",,1.147100e-04,,,,,,,,
"Gate Stop [s]",,2.097470e-03,,,,,,,,
"Upper Level [%]",,9.000000e+01,,9.000000e+01,,9.000000e+01,,9.000000e+01,,
"Middle Level [%]",,5.000000e+01,,5.000000e+01,,5.000000e+01,,5.000000e+01,,
"Lower Level [%]",,1.000000e+01,,1.000000e+01,,1.000000e+01,,1.000000e+01,,
"Wave count",,185,,185,,185,,185,,
"Current",,nan,,4.999749e+02,,5.001278e+01,,1.602369e+00,,
"Average No.",,1.000000e+03,,1.000000e+03,,1.000000e+03,,1.000000e+03,,
"Min",,nan,,4.999110e+02,,5.000071e+01,,-7.560000e-04,,
"Max",,nan,,5.000601e+02,,5.003692e+01,,1.609821e+00,,
"Mean",,nan,,4.999956e+02,,5.001622e+01,,1.568237e+00,,
"StdDev",,nan,,2.019950e-02,,4.335633e-03,,2.329333e-01,,
"Time of first value",,,,,,,,,,
"Time of last value",,,,,,,,,,
"Long term Min",,nan,,4.999110e+02,,5.000071e+01,,-7.560000e-04,,
"Long term Max",,nan,,5.000601e+02,,5.003692e+01,,1.609821e+00,,
"Long term Mean",,nan,,4.999962e+02,,5.001622e+01,,1.568241e+00,,
"Long term StdDev",,nan,,2.023500e-02,,4.347660e-03,,2.335654e-01,,
"Long term start time",,,,,,,,,,
"Long term end Time",,,,,,,,,,


"Index","Time Offset","Value","Time Offset","Value","Time Offset","Value","Time Offset","Value",
1,,1.600000e+308,,5.000033e+02,,5.001278e+01,,1.603962e+00,
2,,1.600000e+308,,5.000175e+02,,5.001278e+01,,1.601586e+00,
3,,1.600000e+308,,4.999962e+02,,5.001917e+01,,1.600857e+00,
4,,1.600000e+308,,5.000317e+02,,5.002130e+01,,1.604826e+00,
5,,1.600000e+308,,4.999962e+02,,5.001491e+01,,1.604718e+00,
6,,1.600000e+308,,4.999962e+02,,5.001775e+01,,1.604097e+00,
7,,1.600000e+308,,4.999962e+02,,5.002201e+01,,1.603854e+00,
8,,1.600000e+308,,5.000033e+02,,5.000710e+01,,1.603341e+00,
9,,1.600000e+308,,4.999891e+02,,5.001278e+01,,1.603260e+00,
10,,1.600000e+308,,5.000317e+02,,5.001704e+01,,1.605069e+00,
11,,1.600000e+308,,5.000388e+02,,5.001633e+01,,1.603665e+00,
12,,1.600000e+308,,4.999962e+02,,5.002059e+01,,1.601181e+00,
13,,1.600000e+308,,5.000033e+02,,5.001562e+01,,1.602396e+00,
14,,1.600000e+308,,4.999891e+02,,5.000852e+01,,1.604799e+00,
15,,1.600000e+308,,4.999962e+02,,5.001633e+01,,1.608822e+00,
16,,1.600000e+308,,4.999536e+02,,5.002059e+01,,1.606797e+00,
17,,1.600000e+308,,4.999962e+02,,5.001491e+01,,1.605069e+00,
18,,1.600000e+308,,4.999749e+02,,5.001136e+01,,1.607391e+00,
19,,1.600000e+308,,4.999962e+02,,5.001775e+01,,1.600506e+00,
20,,1.600000e+308,,5.000104e+02,,5.001349e+01,,1.603692e+00,
21,,1.600000e+308,,4.999962e+02,,5.001207e+01,,1.604016e+00,
22,,1.600000e+308,,4.999962e+02,,5.001917e+01,,1.599885e+00,
23,,1.600000e+308,,4.999678e+02,,5.002059e+01,,1.606203e+00,
24,,1.600000e+308,,4.999678e+02,,5.002201e+01,,1.601748e+00,
25,,1.600000e+308,,4.999678e+02,,5.001775e+01,,1.601181e+00,
26,,1.600000e+308,,4.999536e+02,,5.001349e+01,,1.602045e+00,
27,,1.600000e+308,,4.999962e+02,,5.002059e+01,,1.603557e+00,
28,,1.600000e+308,,4.999962e+02,,5.002059e+01,,1.601829e+00,
29,,1.600000e+308,,5.000104e+02,,5.000071e+01,,1.600911e+00,
30,,1.600000e+308,,4.999962e+02,,5.001349e+01,,1.602099e+00,
31,,1.600000e+308,,5.000104e+02,,5.000355e+01,,1.603098e+00,
32,,1.600000e+308,,4.999749e+02,,5.001562e+01,,1.599372e+00,
33,,1.600000e+308,,5.000175e+02,,5.001704e+01,,1.602585e+00,
34,,1.600000e+308,,4.999962e+02,,5.002059e+01,,1.604421e+00,
35,,1.600000e+308,,4.999820e+02,,5.001917e+01,,1.602288e+00,
36,,1.600000e+308,,5.000104e+02,,5.001491e+01,,1.605663e+00,
37,,1.600000e+308,,4.999749e+02,,5.001420e+01,,1.602855e+00,
38,,1.600000e+308,,5.000033e+02,,5.001846e+01,,1.600209e+00,
39,,1.600000e+308,,4.999820e+02,,5.001491e+01,,1.603584e+00,
40,,1.600000e+308,,4.999962e+02,,5.001491e+01,,1.600776e+00,
41,,1.600000e+308,,4.999678e+02,,5.001491e+01,,1.603530e+00,
42,,1.600000e+308,,5.000033e+02,,5.001704e+01,,1.602234e+00,
43,,1.600000e+308,,4.999820e+02,,5.001491e+01,,1.602423e+00,
44,,1.600000e+308,,4.999891e+02,,5.001420e+01,,1.599453e+00,
45,,1.600000e+308,,5.000104e+02,,5.002485e+01,,1.601667e+00,
46,,1.600000e+308,,5.000246e+02,,5.001917e+01,,1.603206e+00,
47,,1.600000e+308,,4.999962e+02,,5.002201e+01,,1.603395e+00,
48,,1.600000e+308,,5.000104e+02,,5.001207e+01,,1.604043e+00,
49,,1.600000e+308,,4.999465e+02,,5.001278e+01,,1.609821e+00,
50,,1.600000e+308,,4.999820e+02,,5.001207e+01,,1.603368e+00,
51,,1.600000e+308,,4.999749e+02,,5.002130e+01,,1.605906e+00,
52,,1.600000e+308,,5.000388e+02,,5.001633e+01,,1.605906e+00,
53,,1.600000e+308,,4.999962e+02,,5.001491e+01,,1.603341e+00,
54,,1.600000e+308,,4.999749e+02,,5.001420e+01,,1.605393e+00,
55,,1.600000e+308,,4.999749e+02,,5.001278e+01,,1.601964e+00,
56,,1.600000e+308,,5.000317e+02,,5.000710e+01,,1.600533e+00,
57,,1.600000e+308,,5.000175e+02,,5.001988e+01,,1.602666e+00,
58,,1.600000e+308,,4.999536e+02,,5.001349e+01,,1.599966e+00,
59,,1.600000e+308,,4.999607e+02,,5.002130e+01,,1.603071e+00,
60,,1.600000e+308,,5.000246e+02,,5.001775e+01,,1.604745e+00,
61,,1.600000e+308,,4.999891e+02,,5.001420e+01,,1.604610e+00,
62,,1.600000e+308,,4.999820e+02,,5.001349e+01,,1.604988e+00,
63,,1.600000e+308,,5.000104e+02,,5.001775e+01,,1.603017e+00,
64,,1.600000e+308,,5.000175e+02,,5.001420e+01,,1.606419e+00,
65,,1.600000e+308,,4.999962e+02,,5.001775e+01,,1.602990e+00,
66,,1.600000e+308,,4.999962e+02,,5.001775e+01,,1.601424e+00,
67,,1.600000e+308,,5.000175e+02,,5.001846e+01,,1.602612e+00,
68,,1.600000e+308,,4.999110e+02,,5.002627e+01,,1.605204e+00,
69,,1.600000e+308,,4.999962e+02,,5.001917e+01,,1.601694e+00,
70,,1.600000e+308,,5.000033e+02,,5.001988e+01,,1.602126e+00,
71,,1.600000e+308,,4.999749e+02,,5.001846e+01,,1.603908e+00,
72,,1.600000e+308,,4.999749e+02,,5.000426e+01,,1.600317e+00,
73,,1.600000e+308,,4.999891e+02,,5.001704e+01,,1.602693e+00,
74,,1.600000e+308,,4.999891e+02,,5.001562e+01,,1.604178e+00,
75,,1.600000e+308,,4.999962e+02,,5.002059e+01,,1.604124e+00,
76,,1.600000e+308,,4.999891e+02,,5.002130e+01,,1.601694e+00,
77,,1.600000e+308,,5.000104e+02,,5.002059e+01,,1.604475e+00,
78,,1.600000e+308,,4.999962e+02,,5.001065e+01,,1.602153e+00,
79,,1.600000e+308,,5.000175e+02,,5.001420e+01,,1.603071e+00,
80,,1.600000e+308,,4.999891e+02,,5.001988e+01,,1.603314e+00,
81,,1.600000e+308,,4.999678e+02,,5.001491e+01,,1.602558e+00,
82,,1.600000e+308,,5.000246e+02,,5.001775e+01,,1.601316e+00,
83,,1.600000e+308,,4.999891e+02,,5.001846e+01,,1.605798e+00,
84,,1.600000e+308,,5.000104e+02,,5.001491e+01,,1.599183e+00,
85,,1.600000e+308,,5.000175e+02,,5.001420e+01,,1.600263e+00,
86,,1.600000e+308,,4.999962e+02,,5.001491e+01,,1.602855e+00,
87,,1.600000e+308,,4.999749e+02,,5.000994e+01,,1.602693e+00,
88,,1.600000e+308,,5.000033e+02,,5.001704e+01,,1.599129e+00,
89,,1.600000e+308,,4.999891e+02,,5.001420e+01,,1.600371e+00,
90,,1.600000e+308,,5.000033e+02,,5.001562e+01,,1.598319e+00,
91,,1.600000e+308,,4.999749e+02,,5.001846e+01,,1.605447e+00,
92,,1.600000e+308,,4.999820e+02,,5.002343e+01,,1.601613e+00,
93,,1.600000e+308,,5.000104e+02,,5.001491e+01,,1.600128e+00,
94,,1.600000e+308,,5.000104e+02,,5.002059e+01,,1.599507e+00,
95,,1.600000e+308,,5.000033e+02,,5.001846e+01,,1.601154e+00,
96,,1.600000e+308,,4.999749e+02,,5.002130e+01,,1.599858e+00,
97,,1.600000e+308,,4.999891e+02,,5.001988e+01,,1.600533e+00,
98,,1.600000e+308,,5.000033e+02,,5.001420e+01,,1.604259e+00,
99,,1.600000e+308,,4.999962e+02,,5.001775e+01,,1.600668e+00,
100,,1.600000e+308,,5.000175e+02,,5.002272e+01,,1.601424e+00,
101,,1.600000e+308,,4.999891e+02,,5.001562e+01,,1.602288e+00,
102,,1.600000e+308,,5.000104e+02,,5.001065e+01,,1.604907e+00,
103,,1.600000e+308,,5.000104e+02,,5.001633e+01,,1.599480e+00,
104,,1.600000e+308,,5.000175e+02,,5.000426e+01,,1.599021e+00,
105,,1.600000e+308,,4.999820e+02,,5.001491e+01,,1.600182e+00,
106,,1.600000e+308,,4.999678e+02,,5.001775e+01,,1.602045e+00,
107,,1.600000e+308,,4.999749e+02,,5.001562e+01,,1.602747e+00,
108,,1.600000e+308,,4.999891e+02,,5.001846e+01,,1.603017e+00,
109,,1.600000e+308,,4.999678e+02,,5.001207e+01,,1.603584e+00,
110,,1.600000e+308,,5.000246e+02,,5.001633e+01,,1.599021e+00,
111,,1.600000e+308,,5.000033e+02,,5.001704e+01,,1.598562e+00,
112,,1.600000e+308,,4.999891e+02,,5.000994e+01,,1.601019e+00,
113,,1.600000e+308,,5.000033e+02,,5.001420e+01,,1.603584e+00,
114,,1.600000e+308,,5.000033e+02,,5.001420e+01,,1.601343e+00,
115,,1.600000e+308,,4.999891e+02,,5.001704e+01,,1.599183e+00,
116,,1.600000e+308,,4.999678e+02,,5.001491e+01,,1.604205e+00,
117,,1.600000e+308,,4.999891e+02,,5.001420e+01,,1.602774e+00,
118,,1.600000e+308,,5.000104e+02,,5.001349e+01,,1.602018e+00,
119,,1.600000e+308,,4.999891e+02,,5.001278e+01,,1.604313e+00,
120,,1.600000e+308,,4.999891e+02,,5.001420e+01,,1.600857e+00,
121,,1.600000e+308,,5.000104e+02,,5.002201e+01,,1.599399e+00,
122,,1.600000e+308,,4.999962e+02,,5.001917e+01,,1.600560e+00,
123,,1.600000e+308,,5.000246e+02,,5.001349e+01,,1.600722e+00,
124,,1.600000e+308,,5.000246e+02,,5.001775e+01,,1.601100e+00,
125,,1.600000e+308,,4.999962e+02,,5.001917e+01,,1.604421e+00,
126,,1.600000e+308,,4.999962e+02,,5.002059e+01,,1.600938e+00,
127,,1.600000e+308,,5.000175e+02,,5.001846e+01,,1.602936e+00,
128,,1.600000e+308,,4.999820e+02,,5.001633e+01,,1.603260e+00,
129,,1.600000e+308,,4.999962e+02,,5.000923e+01,,1.604880e+00,
130,,1.600000e+308,,1.600000e+308,,1.600000e+308,,-7.560000e-04,
131,,1.600000e+308,,1.600000e+308,,1.600000e+308,,-1.350000e-04,
132,,1.600000e+308,,1.600000e+308,,1.600000e+308,,1.377000e-03,
133,,1.600000e+308,,1.600000e+308,,1.600000e+308,,5.130000e-03,
134,,1.600000e+308,,4.999962e+02,,5.001633e+01,,1.605501e+00,
135,,1.600000e+308,,4.999820e+02,,5.001775e+01,,1.602423e+00,
136,,1.600000e+308,,4.999962e+02,,5.001207e+01,,1.603206e+00,
137,,1.600000e+308,,4.999962e+02,,5.001207e+01,,1.603638e+00,
138,,1.600000e+308,,4.999962e+02,,5.001775e+01,,1.604961e+00,
139,,1.600000e+308,,5.000175e+02,,5.001704e+01,,1.602288e+00,
140,,1.600000e+308,,5.000104e+02,,5.002059e+01,,1.604475e+00,
141,,1.600000e+308,,4.999962e+02,,5.001065e+01,,1.604529e+00,
142,,1.600000e+308,,4.999820e+02,,5.001491e+01,,1.602369e+00,
143,,1.600000e+308,,5.000317e+02,,5.001136e+01,,1.606203e+00,
144,,1.600000e+308,,4.999678e+02,,5.001207e+01,,1.601451e+00,
145,,1.600000e+308,,5.000246e+02,,5.001633e+01,,1.606149e+00,
146,,1.600000e+308,,4.999607e+02,,5.001278e+01,,1.603692e+00,
147,,1.600000e+308,,4.999891e+02,,5.001846e+01,,1.601586e+00,
148,,1.600000e+308,,5.000033e+02,,5.001988e+01,,1.600344e+00,
149,,1.600000e+308,,5.000033e+02,,5.001420e+01,,1.600938e+00,
150,,1.600000e+308,,5.000033e+02,,5.001136e+01,,1.602450e+00,
151,,1.600000e+308,,4.999962e+02,,5.001917e+01,,1.603989e+00,
152,,1.600000e+308,,5.000175e+02,,5.001704e+01,,1.600371e+00,
153,,1.600000e+308,,4.999536e+02,,5.001633e+01,,1.605906e+00,
154,,1.600000e+308,,5.000033e+02,,5.001846e+01,,1.604367e+00,
155,,1.600000e+308,,5.000175e+02,,5.000994e+01,,1.600668e+00,
156,,1.600000e+308,,5.000104e+02,,5.001775e+01,,1.602990e+00,
157,,1.600000e+308,,4.999891e+02,,5.000852e+01,,1.601991e+00,
158,,1.600000e+308,,4.999607e+02,,5.000852e+01,,1.606527e+00,
159,,1.600000e+308,,4.999962e+02,,5.001775e+01,,1.604448e+00,
160,,1.600000e+308,,4.999749e+02,,5.001420e+01,,1.603017e+00,
161,,1.600000e+308,,4.999749e+02,,5.001988e+01,,1.601883e+00,
162,,1.600000e+308,,5.000033e+02,,5.001562e+01,,1.601910e+00,
163,,1.600000e+308,,4.999749e+02,,5.001704e+01,,1.599507e+00,
164,,1.600000e+308,,5.000388e+02,,5.001633e+01,,1.602207e+00,
165,,1.600000e+308,,5.000175e+02,,5.002272e+01,,1.601181e+00,
166,,1.600000e+308,,4.999820e+02,,5.001775e+01,,1.600101e+00,
167,,1.600000e+308,,5.000104e+02,,5.001917e+01,,1.600722e+00,
168,,1.600000e+308,,5.000033e+02,,5.001562e+01,,1.607391e+00,
169,,1.600000e+308,,4.999962e+02,,5.001491e+01,,1.604610e+00,
170,,1.600000e+308,,4.999962e+02,,5.001775e+01,,1.604178e+00,
171,,1.600000e+308,,5.000033e+02,,5.001562e+01,,1.607013e+00,
172,,1.600000e+308,,5.000104e+02,,5.001491e+01,,1.607148e+00,
173,,1.600000e+308,,4.999962e+02,,5.001349e+01,,1.606608e+00,
174,,1.600000e+308,,4.999820e+02,,5.001633e+01,,1.603530e+00,
175,,1.600000e+308,,4.999820e+02,,5.002201e+01,,1.604718e+00,
176,,1.600000e+308,,5.000601e+02,,5.001988e+01,,1.605042e+00,
177,,1.600000e+308,,4.999891e+02,,5.002414e+01,,1.604421e+00,
178,,1.600000e+308,,5.000033e+02,,5.001562e+01,,1.603773e+00,
179,,1.600000e+308,,4.999465e+02,,5.001988e+01,,1.604583e+00,
180,,1.600000e+308,,4.999891e+02,,5.003692e+01,,1.605366e+00,
181,,1.600000e+308,,4.999962e+02,,5.001917e+01,,1.602828e+00,
182,,1.600000e+308,,4.999891e+02,,5.001846e+01,,1.601073e+00,
183,,1.600000e+308,,5.000175e+02,,5.000994e+01,,1.603476e+00,
184,,1.600000e+308,,5.000175e+02,,5.002130e+01,,1.602855e+00,
185,,1.600000e+308,,4.999749e+02,,5.001278e+01,,1.602369e+00,
186,,nan,,nan,,nan,,nan,
187,,nan,,nan,,nan,,nan,
188,,nan,,nan,,nan,,nan,
189,,nan,,nan,,nan,,nan,
190,,nan,,nan,,nan,,nan,
191,,nan,,nan,,nan,,nan,
192,,nan,,nan,,nan,,nan,
193,,nan,,nan,,nan,,nan,
194,,nan,,nan,,nan,,nan,
195,,nan,,nan,,nan,,nan,
196,,nan,,nan,,nan,,nan,
197,,nan,,nan,,nan,,nan,
198,,nan,,nan,,nan,,nan,
199,,nan,,nan,,nan,,nan,
200,,nan,,nan,,nan,,nan,
201,,nan,,nan,,nan,,nan,
202,,nan,,nan,,nan,,nan,
203,,nan,,nan,,nan,,nan,
204,,nan,,nan,,nan,,nan,
205,,nan,,nan,,nan,,nan,
206,,nan,,nan,,nan,,nan,
207,,nan,,nan,,nan,,nan,
208,,nan,,nan,,nan,,nan,
209,,nan,,nan,,nan,,nan,
210,,nan,,nan,,nan,,nan,
211,,nan,,nan,,nan,,nan,
212,,nan,,nan,,nan,,nan,
213,,nan,,nan,,nan,,nan,
214,,nan,,nan,,nan,,nan,
215,,nan,,nan,,nan,,nan,
216,,nan,,nan,,nan,,nan,
217,,nan,,nan,,nan,,nan,
218,,nan,,nan,,nan,,nan,
219,,nan,,nan,,nan,,nan,
220,,nan,,nan,,nan,,nan,
221,,nan,,nan,,nan,,nan,
222,,nan,,nan,,nan,,nan,
223,,nan,,nan,,nan,,nan,
224,,nan,,nan,,nan,,nan,
225,,nan,,nan,,nan,,nan,
226,,nan,,nan,,nan,,nan,
227,,nan,,nan,,nan,,nan,
228,,nan,,nan,,nan,,nan,
229,,nan,,nan,,nan,,nan,
230,,nan,,nan,,nan,,nan,
231,,nan,,nan,,nan,,nan,
232,,nan,,nan,,nan,,nan,
233,,nan,,nan,,nan,,nan,
234,,nan,,nan,,nan,,nan,
235,,nan,,nan,,nan,,nan,
236,,nan,,nan,,nan,,nan,
237,,nan,,nan,,nan,,nan,
238,,nan,,nan,,nan,,nan,
239,,nan,,nan,,nan,,nan,
240,,nan,,nan,,nan,,nan,
241,,nan,,nan,,nan,,nan,
242,,nan,,nan,,nan,,nan,
243,,nan,,nan,,nan,,nan,
244,,nan,,nan,,nan,,nan,
245,,nan,,nan,,nan,,nan,
246,,nan,,nan,,nan,,nan,
247,,nan,,nan,,nan,,nan,
248,,nan,,nan,,nan,,nan,
249,,nan,,nan,,nan,,nan,
250,,nan,,nan,,nan,,nan,
251,,nan,,nan,,nan,,nan,
252,,nan,,nan,,nan,,nan,
253,,nan,,nan,,nan,,nan,
254,,nan,,nan,,nan,,nan,
255,,nan,,nan,,nan,,nan,
256,,nan,,nan,,nan,,nan,
257,,nan,,nan,,nan,,nan,
258,,nan,,nan,,nan,,nan,
259,,nan,,nan,,nan,,nan,
260,,nan,,nan,,nan,,nan,
261,,nan,,nan,,nan,,nan,
262,,nan,,nan,,nan,,nan,
263,,nan,,nan,,nan,,nan,
264,,nan,,nan,,nan,,nan,
265,,nan,,nan,,nan,,nan,
266,,nan,,nan,,nan,,nan,
267,,nan,,nan,,nan,,nan,
268,,nan,,nan,,nan,,nan,
269,,nan,,nan,,nan,,nan,
270,,nan,,nan,,nan,,nan,
271,,nan,,nan,,nan,,nan,
272,,nan,,nan,,nan,,nan,
273,,nan,,nan,,nan,,nan,
274,,nan,,nan,,nan,,nan,
275,,nan,,nan,,nan,,nan,
276,,nan,,nan,,nan,,nan,
277,,nan,,nan,,nan,,nan,
278,,nan,,nan,,nan,,nan,
279,,nan,,nan,,nan,,nan,
280,,nan,,nan,,nan,,nan,
281,,nan,,nan,,nan,,nan,
282,,nan,,nan,,nan,,nan,
283,,nan,,nan,,nan,,nan,
284,,nan,,nan,,nan,,nan,
285,,nan,,nan,,nan,,nan,
286,,nan,,nan,,nan,,nan,
287,,nan,,nan,,nan,,nan,
288,,nan,,nan,,nan,,nan,
289,,nan,,nan,,nan,,nan,
290,,nan,,nan,,nan,,nan,
291,,nan,,nan,,nan,,nan,
292,,nan,,nan,,nan,,nan,
293,,nan,,nan,,nan,,nan,
294,,nan,,nan,,nan,,nan,
295,,nan,,nan,,nan,,nan,
296,,nan,,nan,,nan,,nan,
297,,nan,,nan,,nan,,nan,
298,,nan,,nan,,nan,,nan,
299,,nan,,nan,,nan,,nan,
300,,nan,,nan,,nan,,nan,
301,,nan,,nan,,nan,,nan,
302,,nan,,nan,,nan,,nan,
303,,nan,,nan,,nan,,nan,
304,,nan,,nan,,nan,,nan,
305,,nan,,nan,,nan,,nan,
306,,nan,,nan,,nan,,nan,
307,,nan,,nan,,nan,,nan,
308,,nan,,nan,,nan,,nan,
309,,nan,,nan,,nan,,nan,
310,,nan,,nan,,nan,,nan,
311,,nan,,nan,,nan,,nan,
312,,nan,,nan,,nan,,nan,
313,,nan,,nan,,nan,,nan,
314,,nan,,nan,,nan,,nan,
315,,nan,,nan,,nan,,nan,
316,,nan,,nan,,nan,,nan,
317,,nan,,nan,,nan,,nan,
318,,nan,,nan,,nan,,nan,
319,,nan,,nan,,nan,,nan,
320,,nan,,nan,,nan,,nan,
321,,nan,,nan,,nan,,nan,
322,,nan,,nan,,nan,,nan,
323,,nan,,nan,,nan,,nan,
324,,nan,,nan,,nan,,nan,
325,,nan,,nan,,nan,,nan,
326,,nan,,nan,,nan,,nan,
327,,nan,,nan,,nan,,nan,
328,,nan,,nan,,nan,,nan,
329,,nan,,nan,,nan,,nan,
330,,nan,,nan,,nan,,nan,
331,,nan,,nan,,nan,,nan,
332,,nan,,nan,,nan,,nan,
333,,nan,,nan,,nan,,nan,
334,,nan,,nan,,nan,,nan,
335,,nan,,nan,,nan,,nan,
336,,nan,,nan,,nan,,nan,
337,,nan,,nan,,nan,,nan,
338,,nan,,nan,,nan,,nan,
339,,nan,,nan,,nan,,nan,
340,,nan,,nan,,nan,,nan,
341,,nan,,nan,,nan,,nan,
342,,nan,,nan,,nan,,nan,
343,,nan,,nan,,nan,,nan,
344,,nan,,nan,,nan,,nan,
345,,nan,,nan,,nan,,nan,
346,,nan,,nan,,nan,,nan,
347,,nan,,nan,,nan,,nan,
348,,nan,,nan,,nan,,nan,
349,,nan,,nan,,nan,,nan,
350,,nan,,nan,,nan,,nan,
351,,nan,,nan,,nan,,nan,
352,,nan,,nan,,nan,,nan,
353,,nan,,nan,,nan,,nan,
354,,nan,,nan,,nan,,nan,
355,,nan,,nan,,nan,,nan,
356,,nan,,nan,,nan,,nan,
357,,nan,,nan,,nan,,nan,
358,,nan,,nan,,nan,,nan,
359,,nan,,nan,,nan,,nan,
360,,nan,,nan,,nan,,nan,
361,,nan,,nan,,nan,,nan,
362,,nan,,nan,,nan,,nan,
363,,nan,,nan,,nan,,nan,
364,,nan,,nan,,nan,,nan,
365,,nan,,nan,,nan,,nan,
366,,nan,,nan,,nan,,nan,
367,,nan,,nan,,nan,,nan,
368,,nan,,nan,,nan,,nan,
369,,nan,,nan,,nan,,nan,
370,,nan,,nan,,nan,,nan,
371,,nan,,nan,,nan,,nan,
372,,nan,,nan,,nan,,nan,
373,,nan,,nan,,nan,,nan,
374,,nan,,nan,,nan,,nan,
375,,nan,,nan,,nan,,nan,
376,,nan,,nan,,nan,,nan,
377,,nan,,nan,,nan,,nan,
378,,nan,,nan,,nan,,nan,
379,,nan,,nan,,nan,,nan,
380,,nan,,nan,,nan,,nan,
381,,nan,,nan,,nan,,nan,
382,,nan,,nan,,nan,,nan,
383,,nan,,nan,,nan,,nan,
384,,nan,,nan,,nan,,nan,
385,,nan,,nan,,nan,,nan,
386,,nan,,nan,,nan,,nan,
387,,nan,,nan,,nan,,nan,
388,,nan,,nan,,nan,,nan,
389,,nan,,nan,,nan,,nan,
390,,nan,,nan,,nan,,nan,
391,,nan,,nan,,nan,,nan,
392,,nan,,nan,,nan,,nan,
393,,nan,,nan,,nan,,nan,
394,,nan,,nan,,nan,,nan,
395,,nan,,nan,,nan,,nan,
396,,nan,,nan,,nan,,nan,
397,,nan,,nan,,nan,,nan,
398,,nan,,nan,,nan,,nan,
399,,nan,,nan,,nan,,nan,
400,,nan,,nan,,nan,,nan,
401,,nan,,nan,,nan,,nan,
402,,nan,,nan,,nan,,nan,
403,,nan,,nan,,nan,,nan,
404,,nan,,nan,,nan,,nan,
405,,nan,,nan,,nan,,nan,
406,,nan,,nan,,nan,,nan,
407,,nan,,nan,,nan,,nan,
408,,nan,,nan,,nan,,nan,
409,,nan,,nan,,nan,,nan,
410,,nan,,nan,,nan,,nan,
411,,nan,,nan,,nan,,nan,
412,,nan,,nan,,nan,,nan,
413,,nan,,nan,,nan,,nan,
414,,nan,,nan,,nan,,nan,
415,,nan,,nan,,nan,,nan,
416,,nan,,nan,,nan,,nan,
417,,nan,,nan,,nan,,nan,
418,,nan,,nan,,nan,,nan,
419,,nan,,nan,,nan,,nan,
420,,nan,,nan,,nan,,nan,
421,,nan,,nan,,nan,,nan,
422,,nan,,nan,,nan,,nan,
423,,nan,,nan,,nan,,nan,
424,,nan,,nan,,nan,,nan,
425,,nan,,nan,,nan,,nan,
426,,nan,,nan,,nan,,nan,
427,,nan,,nan,,nan,,nan,
428,,nan,,nan,,nan,,nan,
429,,nan,,nan,,nan,,nan,
430,,nan,,nan,,nan,,nan,
431,,nan,,nan,,nan,,nan,
432,,nan,,nan,,nan,,nan,
433,,nan,,nan,,nan,,nan,
434,,nan,,nan,,nan,,nan,
435,,nan,,nan,,nan,,nan,
436,,nan,,nan,,nan,,nan,
437,,nan,,nan,,nan,,nan,
438,,nan,,nan,,nan,,nan,
439,,nan,,nan,,nan,,nan,
440,,nan,,nan,,nan,,nan,
441,,nan,,nan,,nan,,nan,
442,,nan,,nan,,nan,,nan,
443,,nan,,nan,,nan,,nan,
444,,nan,,nan,,nan,,nan,
445,,nan,,nan,,nan,,nan,
446,,nan,,nan,,nan,,nan,
447,,nan,,nan,,nan,,nan,
448,,nan,,nan,,nan,,nan,
449,,nan,,nan,,nan,,nan,
450,,nan,,nan,,nan,,nan,
451,,nan,,nan,,nan,,nan,
452,,nan,,nan,,nan,,nan,
453,,nan,,nan,,nan,,nan,
454,,nan,,nan,,nan,,nan,
455,,nan,,nan,,nan,,nan,
456,,nan,,nan,,nan,,nan,
457,,nan,,nan,,nan,,nan,
458,,nan,,nan,,nan,,nan,
459,,nan,,nan,,nan,,nan,
460,,nan,,nan,,nan,,nan,
461,,nan,,nan,,nan,,nan,
462,,nan,,nan,,nan,,nan,
463,,nan,,nan,,nan,,nan,
464,,nan,,nan,,nan,,nan,
465,,nan,,nan,,nan,,nan,
466,,nan,,nan,,nan,,nan,
467,,nan,,nan,,nan,,nan,
468,,nan,,nan,,nan,,nan,
469,,nan,,nan,,nan,,nan,
470,,nan,,nan,,nan,,nan,
471,,nan,,nan,,nan,,nan,
472,,nan,,nan,,nan,,nan,
473,,nan,,nan,,nan,,nan,
474,,nan,,nan,,nan,,nan,
475,,nan,,nan,,nan,,nan,
476,,nan,,nan,,nan,,nan,
477,,nan,,nan,,nan,,nan,
478,,nan,,nan,,nan,,nan,
479,,nan,,nan,,nan,,nan,
480,,nan,,nan,,nan,,nan,
481,,nan,,nan,,nan,,nan,
482,,nan,,nan,,nan,,nan,
483,,nan,,nan,,nan,,nan,
484,,nan,,nan,,nan,,nan,
485,,nan,,nan,,nan,,nan,
486,,nan,,nan,,nan,,nan,
487,,nan,,nan,,nan,,nan,
488,,nan,,nan,,nan,,nan,
489,,nan,,nan,,nan,,nan,
490,,nan,,nan,,nan,,nan,
491,,nan,,nan,,nan,,nan,
492,,nan,,nan,,nan,,nan,
493,,nan,,nan,,nan,,nan,
494,,nan,,nan,,nan,,nan,
495,,nan,,nan,,nan,,nan,
496,,nan,,nan,,nan,,nan,
497,,nan,,nan,,nan,,nan,
498,,nan,,nan,,nan,,nan,
499,,nan,,nan,,nan,,nan,
500,,nan,,nan,,nan,,nan,
501,,nan,,nan,,nan,,nan,
502,,nan,,nan,,nan,,nan,
503,,nan,,nan,,nan,,nan,
504,,nan,,nan,,nan,,nan,
505,,nan,,nan,,nan,,nan,
506,,nan,,nan,,nan,,nan,
507,,nan,,nan,,nan,,nan,
508,,nan,,nan,,nan,,nan,
509,,nan,,nan,,nan,,nan,
510,,nan,,nan,,nan,,nan,
511,,nan,,nan,,nan,,nan,
512,,nan,,nan,,nan,,nan,
513,,nan,,nan,,nan,,nan,
514,,nan,,nan,,nan,,nan,
515,,nan,,nan,,nan,,nan,
516,,nan,,nan,,nan,,nan,
517,,nan,,nan,,nan,,nan,
518,,nan,,nan,,nan,,nan,
519,,nan,,nan,,nan,,nan,
520,,nan,,nan,,nan,,nan,
521,,nan,,nan,,nan,,nan,
522,,nan,,nan,,nan,,nan,
523,,nan,,nan,,nan,,nan,
524,,nan,,nan,,nan,,nan,
525,,nan,,nan,,nan,,nan,
526,,nan,,nan,,nan,,nan,
527,,nan,,nan,,nan,,nan,
528,,nan,,nan,,nan,,nan,
529,,nan,,nan,,nan,,nan,
530,,nan,,nan,,nan,,nan,
531,,nan,,nan,,nan,,nan,
532,,nan,,nan,,nan,,nan,
533,,nan,,nan,,nan,,nan,
534,,nan,,nan,,nan,,nan,
535,,nan,,nan,,nan,,nan,
536,,nan,,nan,,nan,,nan,
537,,nan,,nan,,nan,,nan,
538,,nan,,nan,,nan,,nan,
539,,nan,,nan,,nan,,nan,
540,,nan,,nan,,nan,,nan,
541,,nan,,nan,,nan,,nan,
542,,nan,,nan,,nan,,nan,
543,,nan,,nan,,nan,,nan,
544,,nan,,nan,,nan,,nan,
545,,nan,,nan,,nan,,nan,
546,,nan,,nan,,nan,,nan,
547,,nan,,nan,,nan,,nan,
548,,nan,,nan,,nan,,nan,
549,,nan,,nan,,nan,,nan,
550,,nan,,nan,,nan,,nan,
551,,nan,,nan,,nan,,nan,
552,,nan,,nan,,nan,,nan,
553,,nan,,nan,,nan,,nan,
554,,nan,,nan,,nan,,nan,
555,,nan,,nan,,nan,,nan,
556,,nan,,nan,,nan,,nan,
557,,nan,,nan,,nan,,nan,
558,,nan,,nan,,nan,,nan,
559,,nan,,nan,,nan,,nan,
560,,nan,,nan,,nan,,nan,
561,,nan,,nan,,nan,,nan,
562,,nan,,nan,,nan,,nan,
563,,nan,,nan,,nan,,nan,
564,,nan,,nan,,nan,,nan,
565,,nan,,nan,,nan,,nan,
566,,nan,,nan,,nan,,nan,
567,,nan,,nan,,nan,,nan,
568,,nan,,nan,,nan,,nan,
569,,nan,,nan,,nan,,nan,
570,,nan,,nan,,nan,,nan,
571,,nan,,nan,,nan,,nan,
572,,nan,,nan,,nan,,nan,
573,,nan,,nan,,nan,,nan,
574,,nan,,nan,,nan,,nan,
575,,nan,,nan,,nan,,nan,
576,,nan,,nan,,nan,,nan,
577,,nan,,nan,,nan,,nan,
578,,nan,,nan,,nan,,nan,
579,,nan,,nan,,nan,,nan,
580,,nan,,nan,,nan,,nan,
581,,nan,,nan,,nan,,nan,
582,,nan,,nan,,nan,,nan,
583,,nan,,nan,,nan,,nan,
584,,nan,,nan,,nan,,nan,
585,,nan,,nan,,nan,,nan,
586,,nan,,nan,,nan,,nan,
587,,nan,,nan,,nan,,nan,
588,,nan,,nan,,nan,,nan,
589,,nan,,nan,,nan,,nan,
590,,nan,,nan,,nan,,nan,
591,,nan,,nan,,nan,,nan,
592,,nan,,nan,,nan,,nan,
593,,nan,,nan,,nan,,nan,
594,,nan,,nan,,nan,,nan,
595,,nan,,nan,,nan,,nan,
596,,nan,,nan,,nan,,nan,
597,,nan,,nan,,nan,,nan,
598,,nan,,nan,,nan,,nan,
599,,nan,,nan,,nan,,nan,
600,,nan,,nan,,nan,,nan,
601,,nan,,nan,,nan,,nan,
602,,nan,,nan,,nan,,nan,
603,,nan,,nan,,nan,,nan,
604,,nan,,nan,,nan,,nan,
605,,nan,,nan,,nan,,nan,
606,,nan,,nan,,nan,,nan,
607,,nan,,nan,,nan,,nan,
608,,nan,,nan,,nan,,nan,
609,,nan,,nan,,nan,,nan,
610,,nan,,nan,,nan,,nan,
611,,nan,,nan,,nan,,nan,
612,,nan,,nan,,nan,,nan,
613,,nan,,nan,,nan,,nan,
614,,nan,,nan,,nan,,nan,
615,,nan,,nan,,nan,,nan,
616,,nan,,nan,,nan,,nan,
617,,nan,,nan,,nan,,nan,
618,,nan,,nan,,nan,,nan,
619,,nan,,nan,,nan,,nan,
620,,nan,,nan,,nan,,nan,
621,,nan,,nan,,nan,,nan,
622,,nan,,nan,,nan,,nan,
623,,nan,,nan,,nan,,nan,
624,,nan,,nan,,nan,,nan,
625,,nan,,nan,,nan,,nan,
626,,nan,,nan,,nan,,nan,
627,,nan,,nan,,nan,,nan,
628,,nan,,nan,,nan,,nan,
629,,nan,,nan,,nan,,nan,
630,,nan,,nan,,nan,,nan,
631,,nan,,nan,,nan,,nan,
632,,nan,,nan,,nan,,nan,
633,,nan,,nan,,nan,,nan,
634,,nan,,nan,,nan,,nan,
635,,nan,,nan,,nan,,nan,
636,,nan,,nan,,nan,,nan,
637,,nan,,nan,,nan,,nan,
638,,nan,,nan,,nan,,nan,
639,,nan,,nan,,nan,,nan,
640,,nan,,nan,,nan,,nan,
641,,nan,,nan,,nan,,nan,
642,,nan,,nan,,nan,,nan,
643,,nan,,nan,,nan,,nan,
644,,nan,,nan,,nan,,nan,
645,,nan,,nan,,nan,,nan,
646,,nan,,nan,,nan,,nan,
647,,nan,,nan,,nan,,nan,
648,,nan,,nan,,nan,,nan,
649,,nan,,nan,,nan,,nan,
650,,nan,,nan,,nan,,nan,
651,,nan,,nan,,nan,,nan,
652,,nan,,nan,,nan,,nan,
653,,nan,,nan,,nan,,nan,
654,,nan,,nan,,nan,,nan,
655,,nan,,nan,,nan,,nan,
656,,nan,,nan,,nan,,nan,
657,,nan,,nan,,nan,,nan,
658,,nan,,nan,,nan,,nan,
659,,nan,,nan,,nan,,nan,
660,,nan,,nan,,nan,,nan,
661,,nan,,nan,,nan,,nan,
662,,nan,,nan,,nan,,nan,
663,,nan,,nan,,nan,,nan,
664,,nan,,nan,,nan,,nan,
665,,nan,,nan,,nan,,nan,
666,,nan,,nan,,nan,,nan,
667,,nan,,nan,,nan,,nan,
668,,nan,,nan,,nan,,nan,
669,,nan,,nan,,nan,,nan,
670,,nan,,nan,,nan,,nan,
671,,nan,,nan,,nan,,nan,
672,,nan,,nan,,nan,,nan,
673,,nan,,nan,,nan,,nan,
674,,nan,,nan,,nan,,nan,
675,,nan,,nan,,nan,,nan,
676,,nan,,nan,,nan,,nan,
677,,nan,,nan,,nan,,nan,
678,,nan,,nan,,nan,,nan,
679,,nan,,nan,,nan,,nan,
680,,nan,,nan,,nan,,nan,
681,,nan,,nan,,nan,,nan,
682,,nan,,nan,,nan,,nan,
683,,nan,,nan,,nan,,nan,
684,,nan,,nan,,nan,,nan,
685,,nan,,nan,,nan,,nan,
686,,nan,,nan,,nan,,nan,
687,,nan,,nan,,nan,,nan,
688,,nan,,nan,,nan,,nan,
689,,nan,,nan,,nan,,nan,
690,,nan,,nan,,nan,,nan,
691,,nan,,nan,,nan,,nan,
692,,nan,,nan,,nan,,nan,
693,,nan,,nan,,nan,,nan,
694,,nan,,nan,,nan,,nan,
695,,nan,,nan,,nan,,nan,
696,,nan,,nan,,nan,,nan,
697,,nan,,nan,,nan,,nan,
698,,nan,,nan,,nan,,nan,
699,,nan,,nan,,nan,,nan,
700,,nan,,nan,,nan,,nan,
701,,nan,,nan,,nan,,nan,
702,,nan,,nan,,nan,,nan,
703,,nan,,nan,,nan,,nan,
704,,nan,,nan,,nan,,nan,
705,,nan,,nan,,nan,,nan,
706,,nan,,nan,,nan,,nan,
707,,nan,,nan,,nan,,nan,
708,,nan,,nan,,nan,,nan,
709,,nan,,nan,,nan,,nan,
710,,nan,,nan,,nan,,nan,
711,,nan,,nan,,nan,,nan,
712,,nan,,nan,,nan,,nan,
713,,nan,,nan,,nan,,nan,
714,,nan,,nan,,nan,,nan,
715,,nan,,nan,,nan,,nan,
716,,nan,,nan,,nan,,nan,
717,,nan,,nan,,nan,,nan,
718,,nan,,nan,,nan,,nan,
719,,nan,,nan,,nan,,nan,
720,,nan,,nan,,nan,,nan,
721,,nan,,nan,,nan,,nan,
722,,nan,,nan,,nan,,nan,
723,,nan,,nan,,nan,,nan,
724,,nan,,nan,,nan,,nan,
725,,nan,,nan,,nan,,nan,
726,,nan,,nan,,nan,,nan,
727,,nan,,nan,,nan,,nan,
728,,nan,,nan,,nan,,nan,
729,,nan,,nan,,nan,,nan,
730,,nan,,nan,,nan,,nan,
731,,nan,,nan,,nan,,nan,
732,,nan,,nan,,nan,,nan,
733,,nan,,nan,,nan,,nan,
734,,nan,,nan,,nan,,nan,
735,,nan,,nan,,nan,,nan,
736,,nan,,nan,,nan,,nan,
737,,nan,,nan,,nan,,nan,
738,,nan,,nan,,nan,,nan,
739,,nan,,nan,,nan,,nan,
740,,nan,,nan,,nan,,nan,
741,,nan,,nan,,nan,,nan,
742,,nan,,nan,,nan,,nan,
743,,nan,,nan,,nan,,nan,
744,,nan,,nan,,nan,,nan,
745,,nan,,nan,,nan,,nan,
746,,nan,,nan,,nan,,nan,
747,,nan,,nan,,nan,,nan,
748,,nan,,nan,,nan,,nan,
749,,nan,,nan,,nan,,nan,
750,,nan,,nan,,nan,,nan,
751,,nan,,nan,,nan,,nan,
752,,nan,,nan,,nan,,nan,
753,,nan,,nan,,nan,,nan,
754,,nan,,nan,,nan,,nan,
755,,nan,,nan,,nan,,nan,
756,,nan,,nan,,nan,,nan,
757,,nan,,nan,,nan,,nan,
758,,nan,,nan,,nan,,nan,
759,,nan,,nan,,nan,,nan,
760,,nan,,nan,,nan,,nan,
761,,nan,,nan,,nan,,nan,
762,,nan,,nan,,nan,,nan,
763,,nan,,nan,,nan,,nan,
764,,nan,,nan,,nan,,nan,
765,,nan,,nan,,nan,,nan,
766,,nan,,nan,,nan,,nan,
767,,nan,,nan,,nan,,nan,
768,,nan,,nan,,nan,,nan,
769,,nan,,nan,,nan,,nan,
770,,nan,,nan,,nan,,nan,
771,,nan,,nan,,nan,,nan,
772,,nan,,nan,,nan,,nan,
773,,nan,,nan,,nan,,nan,
774,,nan,,nan,,nan,,nan,
775,,nan,,nan,,nan,,nan,
776,,nan,,nan,,nan,,nan,
777,,nan,,nan,,nan,,nan,
778,,nan,,nan,,nan,,nan,
779,,nan,,nan,,nan,,nan,
780,,nan,,nan,,nan,,nan,
781,,nan,,nan,,nan,,nan,
782,,nan,,nan,,nan,,nan,
783,,nan,,nan,,nan,,nan,
784,,nan,,nan,,nan,,nan,
785,,nan,,nan,,nan,,nan,
786,,nan,,nan,,nan,,nan,
787,,nan,,nan,,nan,,nan,
788,,nan,,nan,,nan,,nan,
789,,nan,,nan,,nan,,nan,
790,,nan,,nan,,nan,,nan,
791,,nan,,nan,,nan,,nan,
792,,nan,,nan,,nan,,nan,
793,,nan,,nan,,nan,,nan,
794,,nan,,nan,,nan,,nan,
795,,nan,,nan,,nan,,nan,
796,,nan,,nan,,nan,,nan,
797,,nan,,nan,,nan,,nan,
798,,nan,,nan,,nan,,nan,
799,,nan,,nan,,nan,,nan,
800,,nan,,nan,,nan,,nan,
801,,nan,,nan,,nan,,nan,
802,,nan,,nan,,nan,,nan,
803,,nan,,nan,,nan,,nan,
804,,nan,,nan,,nan,,nan,
805,,nan,,nan,,nan,,nan,
806,,nan,,nan,,nan,,nan,
807,,nan,,nan,,nan,,nan,
808,,nan,,nan,,nan,,nan,
809,,nan,,nan,,nan,,nan,
810,,nan,,nan,,nan,,nan,
811,,nan,,nan,,nan,,nan,
812,,nan,,nan,,nan,,nan,
813,,nan,,nan,,nan,,nan,
814,,nan,,nan,,nan,,nan,
815,,nan,,nan,,nan,,nan,
816,,nan,,nan,,nan,,nan,
817,,nan,,nan,,nan,,nan,
818,,nan,,nan,,nan,,nan,
819,,nan,,nan,,nan,,nan,
820,,nan,,nan,,nan,,nan,
821,,nan,,nan,,nan,,nan,
822,,nan,,nan,,nan,,nan,
823,,nan,,nan,,nan,,nan,
824,,nan,,nan,,nan,,nan,
825,,nan,,nan,,nan,,nan,
826,,nan,,nan,,nan,,nan,
827,,nan,,nan,,nan,,nan,
828,,nan,,nan,,nan,,nan,
829,,nan,,nan,,nan,,nan,
830,,nan,,nan,,nan,,nan,
831,,nan,,nan,,nan,,nan,
832,,nan,,nan,,nan,,nan,
833,,nan,,nan,,nan,,nan,
834,,nan,,nan,,nan,,nan,
835,,nan,,nan,,nan,,nan,
836,,nan,,nan,,nan,,nan,
837,,nan,,nan,,nan,,nan,
838,,nan,,nan,,nan,,nan,
839,,nan,,nan,,nan,,nan,
840,,nan,,nan,,nan,,nan,
841,,nan,,nan,,nan,,nan,
842,,nan,,nan,,nan,,nan,
843,,nan,,nan,,nan,,nan,
844,,nan,,nan,,nan,,nan,
845,,nan,,nan,,nan,,nan,
846,,nan,,nan,,nan,,nan,
847,,nan,,nan,,nan,,nan,
848,,nan,,nan,,nan,,nan,
849,,nan,,nan,,nan,,nan,
850,,nan,,nan,,nan,,nan,
851,,nan,,nan,,nan,,nan,
852,,nan,,nan,,nan,,nan,
853,,nan,,nan,,nan,,nan,
854,,nan,,nan,,nan,,nan,
855,,nan,,nan,,nan,,nan,
856,,nan,,nan,,nan,,nan,
857,,nan,,nan,,nan,,nan,
858,,nan,,nan,,nan,,nan,
859,,nan,,nan,,nan,,nan,
860,,nan,,nan,,nan,,nan,
861,,nan,,nan,,nan,,nan,
862,,nan,,nan,,nan,,nan,
863,,nan,,nan,,nan,,nan,
864,,nan,,nan,,nan,,nan,
865,,nan,,nan,,nan,,nan,
866,,nan,,nan,,nan,,nan,
867,,nan,,nan,,nan,,nan,
868,,nan,,nan,,nan,,nan,
869,,nan,,nan,,nan,,nan,
870,,nan,,nan,,nan,,nan,
871,,nan,,nan,,nan,,nan,
872,,nan,,nan,,nan,,nan,
873,,nan,,nan,,nan,,nan,
874,,nan,,nan,,nan,,nan,
875,,nan,,nan,,nan,,nan,
876,,nan,,nan,,nan,,nan,
877,,nan,,nan,,nan,,nan,
878,,nan,,nan,,nan,,nan,
879,,nan,,nan,,nan,,nan,
880,,nan,,nan,,nan,,nan,
881,,nan,,nan,,nan,,nan,
882,,nan,,nan,,nan,,nan,
883,,nan,,nan,,nan,,nan,
884,,nan,,nan,,nan,,nan,
885,,nan,,nan,,nan,,nan,
886,,nan,,nan,,nan,,nan,
887,,nan,,nan,,nan,,nan,
888,,nan,,nan,,nan,,nan,
889,,nan,,nan,,nan,,nan,
890,,nan,,nan,,nan,,nan,
891,,nan,,nan,,nan,,nan,
892,,nan,,nan,,nan,,nan,
893,,nan,,nan,,nan,,nan,
894,,nan,,nan,,nan,,nan,
895,,nan,,nan,,nan,,nan,
896,,nan,,nan,,nan,,nan,
897,,nan,,nan,,nan,,nan,
898,,nan,,nan,,nan,,nan,
899,,nan,,nan,,nan,,nan,
900,,nan,,nan,,nan,,nan,
901,,nan,,nan,,nan,,nan,
902,,nan,,nan,,nan,,nan,
903,,nan,,nan,,nan,,nan,
904,,nan,,nan,,nan,,nan,
905,,nan,,nan,,nan,,nan,
906,,nan,,nan,,nan,,nan,
907,,nan,,nan,,nan,,nan,
908,,nan,,nan,,nan,,nan,
909,,nan,,nan,,nan,,nan,
910,,nan,,nan,,nan,,nan,
911,,nan,,nan,,nan,,nan,
912,,nan,,nan,,nan,,nan,
913,,nan,,nan,,nan,,nan,
914,,nan,,nan,,nan,,nan,
915,,nan,,nan,,nan,,nan,
916,,nan,,nan,,nan,,nan,
917,,nan,,nan,,nan,,nan,
918,,nan,,nan,,nan,,nan,
919,,nan,,nan,,nan,,nan,
920,,nan,,nan,,nan,,nan,
921,,nan,,nan,,nan,,nan,
922,,nan,,nan,,nan,,nan,
923,,nan,,nan,,nan,,nan,
924,,nan,,nan,,nan,,nan,
925,,nan,,nan,,nan,,nan,
926,,nan,,nan,,nan,,nan,
927,,nan,,nan,,nan,,nan,
928,,nan,,nan,,nan,,nan,
929,,nan,,nan,,nan,,nan,
930,,nan,,nan,,nan,,nan,
931,,nan,,nan,,nan,,nan,
932,,nan,,nan,,nan,,nan,
933,,nan,,nan,,nan,,nan,
934,,nan,,nan,,nan,,nan,
935,,nan,,nan,,nan,,nan,
936,,nan,,nan,,nan,,nan,
937,,nan,,nan,,nan,,nan,
938,,nan,,nan,,nan,,nan,
939,,nan,,nan,,nan,,nan,
940,,nan,,nan,,nan,,nan,
941,,nan,,nan,,nan,,nan,
942,,nan,,nan,,nan,,nan,
943,,nan,,nan,,nan,,nan,
944,,nan,,nan,,nan,,nan,
945,,nan,,nan,,nan,,nan,
946,,nan,,nan,,nan,,nan,
947,,nan,,nan,,nan,,nan,
948,,nan,,nan,,nan,,nan,
949,,nan,,nan,,nan,,nan,
950,,nan,,nan,,nan,,nan,
951,,nan,,nan,,nan,,nan,
952,,nan,,nan,,nan,,nan,
953,,nan,,nan,,nan,,nan,
954,,nan,,nan,,nan,,nan,
955,,nan,,nan,,nan,,nan,
956,,nan,,nan,,nan,,nan,
957,,nan,,nan,,nan,,nan,
958,,nan,,nan,,nan,,nan,
959,,nan,,nan,,nan,,nan,
960,,nan,,nan,,nan,,nan,
961,,nan,,nan,,nan,,nan,
962,,nan,,nan,,nan,,nan,
963,,nan,,nan,,nan,,nan,
964,,nan,,nan,,nan,,nan,
965,,nan,,nan,,nan,,nan,
966,,nan,,nan,,nan,,nan,
967,,nan,,nan,,nan,,nan,
968,,nan,,nan,,nan,,nan,
969,,nan,,nan,,nan,,nan,
970,,nan,,nan,,nan,,nan,
971,,nan,,nan,,nan,,nan,
972,,nan,,nan,,nan,,nan,
973,,nan,,nan,,nan,,nan,
974,,nan,,nan,,nan,,nan,
975,,nan,,nan,,nan,,nan,
976,,nan,,nan,,nan,,nan,
977,,nan,,nan,,nan,,nan,
978,,nan,,nan,,nan,,nan,
979,,nan,,nan,,nan,,nan,
980,,nan,,nan,,nan,,nan,
981,,nan,,nan,,nan,,nan,
982,,nan,,nan,,nan,,nan,
983,,nan,,nan,,nan,,nan,
984,,nan,,nan,,nan,,nan,
985,,nan,,nan,,nan,,nan,
986,,nan,,nan,,nan,,nan,
987,,nan,,nan,,nan,,nan,
988,,nan,,nan,,nan,,nan,
989,,nan,,nan,,nan,,nan,
990,,nan,,nan,,nan,,nan,
991,,nan,,nan,,nan,,nan,
992,,nan,,nan,,nan,,nan,
993,,nan,,nan,,nan,,nan,
994,,nan,,nan,,nan,,nan,
995,,nan,,nan,,nan,,nan,
996,,nan,,nan,,nan,,nan,
997,,nan,,nan,,nan,,nan,
998,,nan,,nan,,nan,,nan,
999,,nan,,nan,,nan,,nan,
1000,,nan,,nan,,nan,,nan,
